CH1 ;CH2 ;CH3 ;CH4 ;CH5 ;CH6 ;CH7 ;CH8 
-3656.924207;-5790.97936;-4320.793369;-6087.72112;3609.694971;-32581.44499;-111250.8683;-160303.7385
-4222.222176;-4677.348396;-4593.864631;-4994.586706;3096.856546;-32118.3392;-111518.7316;-160133.8205
-6108.597649;1593.701731;-5741.872578;1376.509831;-1605.168176;-30063.85625;-112752.682;-159381.5055
-5656.198341;-722.2966221;-5403.981257;-1024.603966;437.6248047;-30662.92771;-112407.437;-159591.7683
-3856.21236;-5577.296683;-4404.880632;-5877.435908;3579.788337;-32437.07507;-111341.4599;-160248.3955
-3929.928414;-5263.411136;-4448.690051;-5577.699015;3385.574029;-32375.38426;-111367.835;-160228.5919
-5858.146353;593.0141321;-5577.721367;351.3694228;-751.4432968;-30359.52513;-112572.3928;-159488.3915
-5934.432856;482.5965145;-5592.272352;206.2395461;-592.3212281;-30330.93725;-112607.7756;-159471.8959
-4129.12716;-5205.140138;-4526.675287;-5510.576726;3462.195809;-32231.37197;-111470.8542;-160171.2373
-3714.345838;-5635.388867;-4350.454134;-5944.915825;3535.576586;-32558.13212;-111267.051;-160298.4411
-5541.37743;-630.2521384;-5373.895809;-900.7753015;259.9284363;-30738.36484;-112349.5012;-159627.8441
-6149.277824;1495.376408;-5742.185502;1248.657852;-1488.380312;-30064.12447;-112766.473;-159375.5376
-4438.072972;-4637.249367;-4678.041301;-4950.062031;3202.133262;-31968.73897;-111631.6973;-160072.4202
-3573.529848;-5831.860701;-4287.601028;-6135.464446;3587.857316;-32665.06286;-111204.4661;-160337.0426
-5178.876839;-1920.28307;-5145.036297;-2215.393152;1266.583951;-31149.72635;-112101.8439;-159776.729
-5444.102638;-1583.263467;-5264.662834;-1898.825395;1129.634813;-30930.63455;-112256.2945;-159687.2773
-3716.424551;-5737.625746;-4344.083887;-6034.836892;3605.470491;-32563.96592;-111272.6165;-160294.5966
-4127.048448;-4892.662751;-4545.495456;-5208.984638;3208.235289;-32232.35544;-111464.4839;-160174.8806
-6037.407343;1304.738379;-5694.978618;1079.49985;-1361.042423;-30170.29526;-112698.0767;-159417.8718
-5749.293357;-326.424876;-5465.739127;-621.2890889;98.03475118;-30573.43132;-112470.3124;-159556.5643
-3939.249091;-5476.602075;-4439.704649;-5777.747128;3552.899188;-32399.01005;-111375.0769;-160231.14
-3854.021889;-5402.886021;-4412.010838;-5715.475168;3444.917911;-32462.57841;-111326.216;-160258.4985
-5761.855037;216.3201828;-5515.136482;-34.24287251;-440.9105111;-30494.95435;-112500.532;-159535.1514
-6010.093511;834.7035449;-5644.575434;568.538972;-902.6975516;-30259.12109;-112660.5258;-159443.621
-4222.959783;-5047.716802;-4573.61395;-5354.852123;3398.202765;-32177.16899;-111517.3681;-160149.2879
-3655.113716;-5714.782264;-4326.716581;-6022.744599;3560.767002;-32622.90747;-111239.6477;-160320.0105
-5427.249423;-1039.378469;-5301.654971;-1318.037667;586.1297949;-30889.82026;-112267.828;-159680.1918
-6202.1397;1758.657605;-5781.323407;1522.533777;-1725.442913;-30021.05266;-112804.0463;-159358.9079
-4541.360383;-4403.673637;-4733.563034;-4719.54849;3080.830345;-31894.08414;-111687.4649;-160041.9772
-4691.675865;-3478.981969;-4854.955358;-3796.332037;2383.590029;-31704.42959;-111787.3772;-159979.1241
-6297.179317;2327.509502;-5861.610873;2129.853026;-2271.428975;-29894.81001;-112881.2716;-159316.9089
-5224.854377;-2417.698791;-5129.725352;-2743.117838;1784.540926;-31209.67373;-112108.6165;-159790.9894
-3611.505462;-5841.002565;-4306.398845;-6136.939661;3615.148796;-32666.96276;-111227.6448;-160334.9638
-4344.083887;-4408.345152;-4661.098678;-4726.254013;2950.542027;-32055.41903;-111582.0094;-160108.496
-6178.558609;1872.003302;-5787.246619;1660.980482;-1854.16661;-30028.98753;-112796.9832;-159365.2781
-5548.41823;-1178.205154;-5334.44498;-1488.246201;809.6919429;-30840.17704;-112326.7695;-159653.9062
-3776.595447;-5673.073908;-4374.61637;-5971.268531;3601.670695;-32543.33526;-111301.7856;-160285.7229
-4031.49474;-5081.155012;-4500.166118;-5396.649885;3303.498424;-32338.25801;-111413.9243;-160212.0292
-5958.237464;987.0083317;-5642.608481;752.1138492;-1086.093615;-30286.0773;-112638.0176;-159457.4344
-5838.320355;62.94251239;-5525.038305;-223.9868312;-231.0499824;-30488.04766;-112531.4891;-159523.1038
-4021.23529;-5360.104783;-4480.20601;-5662.948568;3519.148054;-32357.07818;-111414.863;-160213.5715
-3778.718862;-5521.707895;-4380.964265;-5832.955937;3494.427025;-32544.49755;-111291.2132;-160287.1982
-5662.255664;-167.4592695;-5452.462191;-426.9853743;-116.2514229;-30639.90541;-112427.9782;-159587.0745
-6081.686149;1165.934046;-5696.587944;909.1572057;-1193.270229;-30196.89383;-112711.2866;-159420.2858
-4319.407561;-4867.852314;-4622.854843;-5178.005121;3318.049409;-32116.86398;-111566.3632;-160124.2539
-3606.677485;-5778.238866;-4308.343447;-6084.346006;3579.095433;-32680.2397;-111218.0559;-160339.0989
-5314.618983;-1450.04707;-5232.118694;-1736.104695;906.854976;-31045.299;-112188.7475;-159735.7359
-6245.747953;1975.670692;-5814.113416;1748.532265;-1930.050782;-29989.96138;-112834.7353;-159346.3909
-4645.608919;-4151.747126;-4790.939962;-4471.153554;2938.427381;-31816.0095;-111745.1101;-160010.0812
-3523.864272;-5883.35912;-4269.965502;-6183.543048;3597.267401;-32738.24248;-111181.265;-160357.8744
-4939.981394;-2705.812777;-5001.135767;-3015.16092;1850.07624;-31455.47586;-111940.4196;-159883.5257
-6311.372675;2354.890389;-5864.471896;2151.69068;-2295.70297;-29898.47569;-112885.3843;-159312.975
-4987.21063;-3192.074977;-4986.048339;-3519.930365;2336.383144;-31476.97824;-111952.8919;-159885.0903
-3532.760266;-5885.817812;-4274.346444;-6181.889019;3603.995276;-32730.1735;-111189.3563;-160353.4711
-4571.825811;-3797.248459;-4786.491965;-4115.693762;2586.923848;-31841.26697;-111711.7613;-160024.5428
-6267.496201;2238.258986;-5842.61189;2037.674432;-2185.084186;-29941.4134;-112856.707;-159328.8448
-5326.398352;-2032.01944;-5192.936086;-2354.555113;1491.621314;-31112.71186;-112172.9001;-159750.9798
-3641.635614;-5800.545907;-4322.357991;-6097.153556;3614.724113;-32656.50215;-111242.2629;-160326.4702
-5869.724556;649.6087491;-5585.902105;406.6899904;-787.2507915;-30409.36952;-112571.2082;-159498.6733
-5917.959621;439.9046826;-5580.761204;161.4466502;-543.7955909;-30407.58138;-112585.7145;-159489.9785
-4099.108767;-5221.367505;-4518.293383;-5526.692334;3470.510658;-32305.84798;-111451.6987;-160189.5434
-3701.650047;-5617.239251;-4350.320023;-5927.369705;3529.675726;-32614.41381;-111256.5233;-160309.0582
-5549.088782;-560.6264544;-5378.969655;-828.8473879;213.3026973;-30780.63199;-112344.7403;-159632.4038
-6135.956184;1464.106317;-5734.317688;1215.44316;-1443.408602;-30136.90175;-112747.4517;-159392.7931
-4406.691123;-4660.830457;-4668.586513;-4974.514839;3221.1993;-32044.57844;-111611.7819;-160091.5533
-3549.21115;-5820.751884;-4287.824546;-6125.182644;3587.678503;-32723.98206;-111194.3854;-160349.5372
-5190.097414;-1852.534932;-5152.993518;-2148.047346;1229.368297;-31191.32295;-112100.1675;-159782.0487
-6269.977244;2150.751907;-5830.430189;1931.168369;-2075.381824;-29962.60285;-112847.9675;-159329.4483
-4741.96729;-3870.919808;-4846.595805;-4194.550716;2781.361673;-31731.74342;-111800.9447;-159974.0502
-3494.449376;-5893.171536;-4265.785726;-6192.193173;3600.955439;-32765.19868;-111174.6712;-160364.647
-4818.678477;-3069.140383;-4931.063048;-3384.545849;2120.889976;-31605.27725;-111861.8085;-159936.3652
-6304.734207;2376.392767;-5862.862571;2176.590523;-2294.786548;-29917.38527;-112877.9188;-159315.9255
-5084.910105;-2836.704592;-5044.542854;-3165.811678;2102.785063;-31380.93279;-112011.5205;-159843.6948
-6047.175055;1360.751851;-5703.673447;1136.429743;-1385.741101;-30222.33012;-112696.7132;-159429.5617
-5734.831778;-374.972865;-5459.234769;-670.3735197;163.0559758;-30658.83734;-112452.5875;-159581.8665
-3900.491166;-5492.181241;-4435.279004;-5793.818032;3564.052709;-32476.45884;-111360.6154;-160253.1341
-3846.288186;-5379.93078;-4418.470492;-5693.637513;3443.420344;-32520.26826;-111323.3773;-160272.826
-5775.757822;289.6786081;-5526.200596;40.07667781;-473.9910929;-30544.64227;-112502.2978;-159546.7296
-5998.090625;794.4927567;-5638.965146;525.1318842;-839.1068386;-30341.17435;-112643.7396;-159467.2021
-4187.509917;-5070.873209;-4566.148468;-5379.215524;3415.905346;-32257.07647;-111499.6656;-160171.3714
-3635.734753;-5703.360522;-4329.689363;-6012.082817;3561.437555;-32684.59829;-111232.9869;-160335.4332
-5443.700307;-966.2212093;-5314.261355;-1243.271082;544.2649775;-30937.0048;-112271.2701;-159690.8983
-6193.17665;1727.700439;-5776.987168;1489.699064;-1678.168974;-30097.27211;-112788.9365;-159379.4938
-4512.861909;-4442.230397;-4726.85751;-4758.88756;3111.541642;-31978.61844;-111670.5893;-160067.1229
-3516.287031;-5858.638091;-4278.772089;-6161.39247;3597.960305;-32769.66903;-111183.5001;-160365.7869
-5074.605951;-2247.110277;-5084.239553;-2549.842304;1532.681469;-31348.81334;-112023.5681;-159839.8951
-6299.816823;2283.096586;-5856.805248;2074.353644;-2199.679875;-29962.93813;-112871.2133;-159333.0692
-4856.38587;-3570.154735;-4913.628687;-3896.601963;2596.825671;-31652.21592;-111869.3858;-159946.0435
-3740.318565;-5684.138022;-4367.173239;-5982.802031;3605.246974;-32617.58776;-111284.7535;-160304.9007
-4029.773656;-5046.554511;-4504.144729;-5362.965806;3290.713226;-32389.42115;-111408.8504;-160221.7523
-5969.681557;1054.175324;-5651.616234;822.5888994;-1126.840845;-30332.65833;-112637.2352;-159466.0845
-5824.574032;10.12534024;-5519.003334;-277.4298522;-166.7216619;-30573.09605;-112513.7866;-159548.3165
-3987.774728;-5380.176649;-4473.500487;-5683.579228;3530.435685;-32436.29276;-111398.278;-160235.9903
-3774.0697;-5503.535927;-4387.468623;-5815.454521;3491.744815;-32603.41675;-111288.531;-160302.4644
-5679.690025;-93.63145752;-5465.023871;-350.654167;-166.3416822;-30685.34651;-112431.9568;-159596.8645
-6069.213875;1118.011906;-5689.167164;860.2515889;-1135.893301;-30276.46604;-112693.3605;-159441.9446
-4290.506755;-4896.864879;-4612.327172;-5206.928278;3336.243729;-32195.65388;-111545.8219;-160144.8623
-3593.579363;-5765.632482;-4307.985819;-6072.454878;3576.480279;-32738.17542;-111208.1318;-160351.0794
-5332.858006;-1375.794575;-5244.300395;-1662.701567;860.2739406;-31087.40969;-112192.5249;-159743.4473
-6238.751857;1948.826247;-5809.93364;1720.547881;-1891.605782;-30063.8786;-112820.5195;-159365.7922
-4622.363105;-4196.182394;-4783.161555;-4515.074732;2971.172687;-31902.35429;-111727.1393;-160035.9422
-3509.73797;-5882.666216;-4272.938284;-6183.297179;3601.335418;-32805.07419;-111174.783;-160376.5828
-4961.908455;-2632.610814;-5016.647877;-2940.684908;1806.155062;-31500.35816;-111947.0134;-159894.2992
-4252.955824;-4608.057989;-4615.478768;-4925.810388;3062.43486;-32224.01824;-111520.5868;-160160.1285
-6130.681173;1678.347788;-5758.189351;1463.033433;-1683.354578;-30172.93276;-112749.6645;-159407.657
-5629.778579;-848.4945713;-5389.497327;-1151.830095;537.1571227;-30835.25966;-112371.026;-159642.708
-3829.502026;-5609.125568;-4399.337399;-5908.326019;3590.114843;-32590.5645;-111314.4143;-160292.272
-3956.817562;-5215.198423;-4466.035004;-5529.508654;3366.396232;-32487.23239;-111364.6834;-160256.3975
-5891.249286;715.568747;-5601.995361;476.9862267;-855.1553911;-30459.97387;-112577.7125;-159512.4643
-5914.584507;375.8222313;-5581.923495;96.67129477;-499.5391368;-30498.97766;-112575.6562;-159521.7627
-4098.818195;-5253.375203;-4517.421665;-5557.895369;3482.625304;-32391.16459;-111440.0311;-160217.2819
-3730.617908;-5610.109044;-4362.725242;-5919.770112;3528.245214;-32679.56915;-111258.4455;-160329.8006
-5582.12466;-495.4711193;-5403.243649;-760.7192708;140.9501005;-30833.8515;-112359.8501;-159650.9558
-6138.861911;1410.193909;-5739.07861;1162.871857;-1420.431008;-30225.52642;-112741.4614;-159424.1079
-4411.474396;-4708.685542;-4669.279417;-5020.134749;3240.868836;-32135.21476;-111601.2319;-160122.5329
-3584.884534;-5821.444788;-4297.636962;-6125.51792;3589.779567;-32792.60192;-111193.3573;-160371.0172
-5224.407342;-1781.992827;-5177.133402;-2073.973665;1157.663901;-31242.97783;-112114.5844;-159799.5278
-6279.655549;2121.314659;-5841.136675;1904.770959;-2077.013502;-30046.17602;-112847.1405;-159359.8243
-3570.60177;-5878.754661;-4287.712787;-6174.378833;3609.873785;-32810.05863;-111189.1775;-160375.0182
-4493.617057;-4050.225502;-4743.844836;-4368.871971;2733.52894;-32025.69121;-111651.5233;-160086.0101
-6246.016174;2121.716991;-5831.659535;1918.338468;-2102.896822;-30064.86208;-112828.365;-159366.5298
-5414.687743;-1714.691724;-5247.899025;-2030.812446;1224.853244;-31103.39118;-112216.7095;-159736.6523
-3704.935754;-5763.464363;-4342.183988;-6060.072012;3611.885442;-32716.0919;-111249.1919;-160338.2942
-4163.057108;-4825.339297;-4565.500267;-5141.415315;3169.656178;-32337.54275;-111464.4169;-160199.2217
-6067.179867;1409.076322;-5715.922203;1187.011741;-1468.733128;-30273.85089;-112699.9319;-159442.0564
-5724.773493;-460.2671218;-5451.43401;-756.8971225;196.0247989;-30745.62916;-112433.5661;-159606.7887
-3923.08878;-5518.31043;-4434.608452;-5818.583765;3565.952607;-32557.17099;-111348.0537;-160277.1399
-3887.72832;-5361.401184;-4429.489902;-5674.459717;3425.918928;-32576.75112;-111323.0197;-160286.8629
-5801.216459;349.1342484;-5543.925529;102.2368791;-570.5953325;-30591.51388;-112509.8303;-159557.9054
-5990.312218;718.362715;-5633.846597;449.7618019;-823.1923965;-30424.14402;-112626.797;-159490.5149
-4197.456443;-5105.719579;-4560.113497;-5412.005533;3417.8723;-32336.8722;-111481.7171;-160192.8962
-3682.136975;-5689.725958;-4335.523169;-5998.001218;3550.172275;-32740.20943;-111227.5554;-160346.922
-5468.711909;-898.808348;-5328.521768;-1175.053558;452.8686944;-30974.68984;-112275.8075;-159695.4581
-5104.758454;-2181.4185;-5101.942134;-2480.574248;1450.359994;-31391.50517;-112030.9442;-159848.6346
-6296.084082;2246.350318;-5851.284367;2034.992222;-2212.643887;-30029.70279;-112854.8742;-159346.6144
-4843.801837;-3640.294509;-4899.770606;-3964.841838;2615.13175;-31736.12436;-111843.1448;-159966.3612
-3537.476484;-5899.228859;-4269.563171;-6196.104729;3599.323761;-32854.51625;-111165.0599;-160387.6469
-4732.221929;-3356.807334;-4876.837716;-3672.413966;2284.482394;-31788.82978;-111789.9924;-159991.954
-6302.387274;2340.853493;-5863.399012;2143.040555;-2317.853548;-30016.17998;-112863.0326;-159343.4628
-5186.83406;-2561.554618;-5104.847861;-2886.705445;1867.287084;-31382.25155;-112061.2755;-159837.5034
-3609.829081;-5854.860646;-4299.67097;-6150.216597;3610.365523;-32809.90217;-111199.2581;-160371.3972
-4388.362692;-4320.703962;-4684.255085;-4638.478713;2889.20884;-32152.53736;-111585.4292;-160129.6184
-6201.066816;1941.114895;-5802.468157;1731.991974;-1947.105163;-30141.46151;-112792.781;-159392.5025
-5514.823558;-1331.001679;-5312.093236;-1641.579168;905.7597406;-31014.36418;-112281.9096;-159702.2977
-3770.269903;-5702.913487;-4365.318044;-6000.012875;3602.162433;-32694.99185;-111270.739;-160326.4255
-4073.426613;-5015.440883;-4516.08056;-5330.332259;3261.745365;-32438.75145;-111409.4986;-160231.9223
-5989.798127;1104.22088;-5664.490839;874.9590367;-1217.477169;-30381.72041;-112639.7163;-159476.9251
-5812.36998;-83.52846903;-5510.196747;-371.6424551;-133.9316528;-30661.96658;-112492.7983;-159573.7528
-5285.651122;-2183.541916;-5164.169391;-2506.949306;1584.939848;-31285.96023;-112122.9887;-159797.0691
-3638.908701;-5817.287364;-4313.283183;-6113.135053;3610.723151;-32800.6709;-111211.9539;-160363.2164
-4277.430985;-4558.571226;-4623.212471;-4875.518963;3021.352353;-32268.69938;-111518.821;-160166.5881
-6143.175798;1726.985184;-5764.112564;1512.609603;-1756.243617;-30222.37482;-112747.9881;-159417.1565
-5609.684361;-936.6274997;-5374.476954;-1241.661756;588.7225972;-30923.43729;-112346.1708;-159666.4679
-3827.110389;-5627.342239;-4393.213021;-5925.827435;3590.561878;-32667.54391;-111297.9187;-160312.925
-3979.616342;-5182.766042;-4473.008749;-5496.986866;3344.357412;-32537.07678;-111361.9565;-160265.8522
-5907.767225;782.5569251;-5611.830129;545.9637101;-937.5215694;-30501.81633;-112579.3442;-159518.7899
-5894.713806;288.0469308;-5567.305454;8.493662893;-446.9007786;-30585.23304;-112551.1363;-159544.5167
-4083.708415;-5285.896991;-4509.844424;-5589.836012;3492.303609;-32473.73193;-111422.2615;-160240.7065
-3746.800571;-5588.025521;-4367.888494;-5898.379493;3518.164577;-32733.83918;-111253.4834;-160340.9318
-5602.330637;-407.9640398;-5415.492405;-672.3404732;61.04261411;-30871.13421;-112363.7393;-159655.5379
-6122.098103;1349.665385;-5726.561633;1099.012923;-1375.325188;-30306.55149;-112719.3779;-159444.6939
-4384.562896;-4749.678642;-4653.879065;-5061.261959;3256.179781;-32218.40795;-111575.3709;-160143.2306
-3589.712511;-5809.821881;-4298.978066;-6114.967896;3585.264514;-32851.92345;-111184.6177;-160384.0036
-3897.563088;-5331.986288;-4440.710478;-5646.69885;3417.648782;-32631.69171;-111324.8302;-160301.615
-5822.227099;438.1612466;-5558.320052;191.1968221;-636.6223856;-30632.70815;-112516.357;-159566.3544
-5975.113031;645.2278072;-5625.17412;373.0059115;-750.0351369;-30516.52378;-112608.3344;-159519.7287
-4167.661568;-5142.89053;-4554.302043;-5449.936444;3439.553492;-32424.93807;-111465.9815;-160220.9252
-3679.857097;-5674.213847;-4344.575625;-5983.763156;3550.284034;-32801.76613;-111226.9519;-160364.7811
-5493.544697;-794.202184;-5346.537274;-1067.720481;378.6161993;-31013.76069;-112285.3741;-159703.84
-6176.211676;1620.233252;-5766.079517;1377.336845;-1615.897014;-30257.2659;-112756.7947;-159423.8844
-4479.69192;-4540.779238;-4707.187975;-4856.721146;3152.713555;-32151.21861;-111628.434;-160115.9838
-3549.926406;-5848.021012;-4287.601028;-6152.071792;3595.568668;-32895.82227;-111170.3126;-160397.884
-5132.072286;-2081.886182;-5120.717599;-2382.338331;1385.204659;-31427.35737;-112040.8236;-159855.2954
-6294.005369;2231.218187;-5852.312547;2017.557862;-2182.96077;-30105.29639;-112845.777;-159369.5026
-4816.376247;-3706.589783;-4890.539335;-4032.366458;2669.357082;-31830.96282;-111823.1177;-159996.8937
-3514.007153;-5898.245382;-4272.155973;-6196.752929;3604.732884;-32921.12445;-111157.438;-160406.1988
-4756.942958;-3266.238066;-4894.786167;-3583.118747;2238.840132;-31826.11249;-111798.7766;-159999.1289
-3818.169691;-5451.925749;-4404.724169;-5765.47602;3469.393071;-32708.82758;-111283.5689;-160325.5985
-5724.929956;80.57803876;-5494.595229;-174.5894759;-326.9836696;-30761.23068;-112442.0822;-159608.1522
-6039.910738;976.570067;-5668.983539;712.4618545;-1029.096666;-30444.14883;-112649.8193;-159487.0728
-4255.816848;-4975.654778;-4592.232954;-5285.651122;3366.887971;-32362.46495;-111501.6549;-160190.1469
-3629.632727;-5738.497464;-4319.005229;-6046.4598;3567.204305;-32854.18097;-111196.33;-160377.9462
-5385.18344;-1190.655075;-5277.179811;-1472.912904;694.8263281;-31157.03537;-112205.0643;-159752.1198
-6220.937517;1851.082069;-5797.103738;1618.243947;-1824.885824;-30216.09398;-112784.3097;-159404.7289
-4580.475936;-4309.885718;-4758.23936;-4627.883986;3026.850882;-32075.89323;-111677.6078;-160083.082
-3532.492045;-5874.440774;-4278.548572;-6176.837525;3599.390817;-32931.71918;-111156.7898;-160407.5623
-5018.279555;-2460.502381;-5051.40484;-2769.112917;1670.681139;-31573.69424;-111961.2961;-159905.7656
-6309.249259;2324.067333;-5864.494248;2116.821959;-2273.619446;-30104.42467;-112852.7731;-159366.418
-4923.195234;-3401.644933;-4949.369126;-3728.695658;2472.14764;-31744.48392;-111880.8746;-159961.0639
-3538.236444;-5893.193888;-4276.268694;-6186.851107;3605.783416;-32934.49079;-111157.9521;-160408.1211
-4651.487428;-3592.394721;-4833.564738;-3908.381332;2450.734669;-31964.40273;-111728.7709;-160048.8615
-6290.67496;2308.734037;-5859.889789;2113.37979;-2269.216152;-30119.66856;-112843.1172;-159373.9953
-4680.991731;-4064.28475;-4814.297535;-4387.088643;2885.923134;-32004.81468;-111733.4872;-160054.5612
-3516.756417;-5889.148222;-4271.418365;-6190.136813;3599.770796;-32960.75409;-111147.0668;-160413.9326
-4904.397417;-2818.845548;-4982.740281;-3131.010012;1924.351087;-31715.85133;-111884.4285;-159953.9113
-6314.077236;2371.765956;-5870.864495;2170.510849;-2327.86713;-30115.89111;-112854.0919;-159367.625
-5022.682848;-3082.439671;-5008.891822;-3412.75375;2253.569931;-31659.56964;-111940.509;-159925.9269
-3546.193665;-5887.248324;-4284.315322;-6184.414766;3610.119654;-32949.80174;-111163.3165;-160411.2056
-4541.159217;-3896.378445;-4772.253903;-4216.567185;2638.444619;-32097.61913;-111660.0617;-160094.5038
-6260.410698;2199.590468;-5840.846102;1997.195422;-2176.076433;-30171.59166;-112817.6585;-159388.0769
-5360.820038;-1908.995439;-5215.80192;-2231.061725;1379.549668;-31293.26925;-112160.7184;-159790.7212
-3666.177829;-5786.978398;-4331.075171;-6084.971855;3613.65123;-32864.39572;-111214.9043;-160376.5381
-4208.855833;-4719.079103;-4592.836451;-5038.172607;3115.699067;-32424.75926;-111470.4071;-160215.9408
-6100.998056;1551.903969;-5739.950328;1330.88992;-1591.712426;-30364.2637;-112704.134;-159459.9377
-5676.560781;-654.1014497;-5421.259155;-957.0793458;360.0195479;-30933.18265;-112379.4526;-159660.2317
-3874.473736;-5564.332672;-4416.838815;-5865.567132;3578.134308;-32715.39899;-111307.3959;-160319.1388
-3922.529986;-5288.176869;-4449.159437;-5603.403521;3395.922887;-32673.37771;-111321.6563;-160306.6889
-4798.271334;-3178.507469;-4919.753065;-3493.711769;2165.52641;-31862.54583;-111813.2605;-160007.5778
-6313.965477;2366.535648;-5873.636111;2168.320378;-2342.909854;-30145.37306;-112851.879;-159378.5997
-5134.128646;-2748.52696;-5076.148221;-3077.097604;2006.381989;-31576.51056;-112008.3689;-159895.7521
-3585.644494;-5871.736213;-4296.497023;-6168.232103;3613.517119;-32956.19434;-111173.5983;-160411.8091
-4440.375202;-4178.680978;-4714.899327;-4498.199165;2804.719246;-32227.41571;-111595.711;-160140.7719
-6224.983183;2044.491714;-5818.65082;1837.246339;-2044.424658;-30240.36798;-112788.5118;-159412.0603
-5464.129801;-1536.883597;-5281.761918;-1853.071374;1073.59899;-31207.50561;-112227.1254;-159758.9147
-3734.015373;-5737.558691;-4355.170352;-6035.44039;3609.471453;-32850.15766;-111237.3902;-160369.2961
-4119.694724;-4916.623821;-4542.813247;-5233.571557;3213.37619;-32528.09137;-111414.9524;-160249.8707
-6032.10998;1272.708329;-5694.084548;1045.994585;-1361.265941;-30465.65121;-112649.6405;-159493.1748
-5767.174753;-280.9837795;-5481.4077;-575.6021232;34.37698297;-30850.12357;-112439.6011;-159627.7099
-3959.522123;-5468.063708;-4449.695879;-5770.147535;3549.07704;-32679.99383;-111338.5989;-160302.2409
-3855.18418;-5418.644001;-4414.156606;-5732.462493;3448.762411;-32756.45915;-111281.4231;-160334.0921
-5757.876427;181.2502958;-5516.477587;-71.88321017;-437.334232;-30796.43468;-112454.2862;-159614.7906
-6022.856357;871.3827576;-5657.025356;605.8216817;-966.5564855;-30537.04268;-112626.2382;-159513.9619
-6179.832659;1855.619473;-5790.755843;1643.322604;-1883.268581;-30319.31434;-112754.2913;-159439.553
-5564.489134;-1154.154677;-5348.057192;-1463.748689;754.4384306;-31120.2891;-112294.6501;-159726.147
-3803.082264;-5675.264379;-4385.456966;-5974.107203;3603.414131;-32830.51048;-111266.8051;-160361.0036
-4039.541368;-5095.929515;-4505.038798;-5412.407865;3302.492595;-32631.93758;-111372.5735;-160288.8298
-5962.461944;970.3115785;-5651.169199;735.9535379;-1115.329697;-30583.48961;-112598.7902;-159537.3418
-5854.90535;82.56734402;-5543.053811;-203.624392;-289.0527593;-30775.71461;-112501.8284;-159601.0443
-4045.643395;-5359.188361;-4490.040778;-5663.015623;3514.856519;-32643.00169;-111378.6085;-160287.8017
-3793.113386;-5533.151988;-4386.395739;-5845.361155;3495.00817;-32835.98665;-111250.466;-160362.9706
-5663.060327;-193.0296651;-5456.261987;-454.0309851;-138.3796499;-30934.12142;-112385.3758;-159663.6739
-6092.794966;1180.328569;-5707.808519;923.9764123;-1253.307015;-30480.82804;-112676.172;-159493.7559
-4347.883683;-4863.672538;-4634.790675;-5174.138269;3307.186461;-32400.79819;-111532.1203;-160198.2382
-3636.271195;-5788.699483;-4316.948869;-6095.03014;3582.291732;-32972.06407;-111179.9462;-160416.1454
-5319.156387;-1473.941085;-5238.064258;-1760.624559;890.0241125;-31341.41491;-112147.8214;-159814.1682
-6257.437915;1985.527812;-5826.228061;1759.261103;-1987.606524;-30276.91308;-112800.0006;-159421.8951
-4669.726452;-4145.466285;-4803.814567;-4465.364452;2918.959012;-32101.03894;-111711.8283;-160085.0043
-6148.651975;1459.390099;-5747.169941;1211.799826;-1500.360847;-30429.21787;-112714.7511;-159472.2089
-4432.842664;-4671.872219;-4679.963551;-4985.556601;3211.96803;-32337.16277;-111577.4049;-160170.2985
-3590.025436;-5831.994812;-4300.56504;-6136.939661;3592.998218;-33017.92985;-111161.2825;-160429.8246
-5208.202327;-1856.357081;-5169.399699;-2151.69068;1192.331456;-31487.28239;-112071.2667;-159865.1749
-6283.924733;2146.281558;-5844.958823;1927.301517;-2135.083334;-30256.79651;-112816.9656;-159410.6521
-4760.407479;-3882.632122;-4855.581207;-4206.352437;2762.005062;-32022.20434;-111764.2208;-160051.0296
-3534.906034;-5897.19485;-4271.843049;-6196.663522;3600.307238;-33051.54688;-111134.7063;-160437.603
-4830.882529;-3067.978092;-4937.88033;-3383.092986;2081.148574;-31888.07152;-111823.0282;-160007.4437
-6316.021838;2371.028348;-5873.680815;2171.382567;-2359.606607;-30206.23686;-112843.3407;-159392.3237
-5101.808024;-2859.257502;-5057.17159;-3188.319884;2080.589781;-31677.33928;-111978.4623;-159925.3905
-3580.883572;-5879.313455;-4295.982933;-6176.032862;3615.081741;-33028.85986;-111162.5118;-160431.9928
-4474.059281;-4089.229296;-4733.51833;-4408.903946;2748.839885;-32259.334;-111605.5905;-160144.527
-6237.902491;2103.634429;-5827.368;1898.020732;-2105.489624;-30289.72063;-112789.1824;-159422.6103
-5431.898586;-1652.151543;-5261.086555;-1971.066233;1162.40247;-31305.85328;-112196.0565;-159786.6085
-3714.479949;-5751.595587;-4346.609634;-6049.633747;3610.231413;-32924.76778;-111218.6371;-160387.9822
-5453.803295;-944.6070724;-5320.206919;-1221.880462;476.4274331;-31208.77966;-112231.7522;-159755.0031
-6190.963827;1705.79573;-5774.662587;1465.916808;-1721.352544;-30381.09456;-112741.4391;-159447.689
-4518.963935;-4456.781382;-4722.230699;-4773.416194;3096.52127;-32263.89375;-111619.4039;-160134.8263
-3552.40745;-5855.55355;-4280.82845;-6159.067888;3591.545354;-33049.28935;-111138.372;-160432.3727
-5087.637018;-2224.870291;-5091.839146;-2527.378801;1472.622332;-31620.72231;-111984.8996;-159904.5139
-6299.347436;2266.690405;-5856.134696;2055.622882;-2247.490257;-30245.30771;-112824.9899;-159400.9738
-4855.134172;-3596.48509;-4909.806539;-3923.535815;2584.353397;-31940.77694;-111818.8708;-160016.1162
-3528.692249;-5898.379493;-4273.13945;-6196.708226;3602.90004;-33071.50699;-111133.5663;-160441.8052
-4719.0344;-3393.263029;-4872.702643;-3712.535347;2307.907022;-32022.94195;-111750.4745;-160053.2872
-6298.207497;2343.938034;-5860.515637;2142.504113;-2328.314165;-30233.19307;-112826.4875;-159395.7212
-5193.919563;-2505.675257;-5110.256983;-2834.692935;1824.528196;-31582.21025;-112032.8888;-159882.4528
-3596.686256;-5843.774181;-4298.151052;-6140.940623;3608.376218;-33018.01926;-111162.9589;-160417.9335
-4364.491029;-4338.071267;-4670.866391;-4657.343585;2893.880355;-32372.38912;-111536.68;-160178.5463
-6187.633418;1925.692192;-5792.879259;1714.557614;-1945.764058;-30356.44059;-112748.2117;-159440.0447
-5520.567956;-1280.062053;-5317.010619;-1594.126415;863.4255366;-31215.28402;-112252.9417;-159747.6718
-5345.173817;-1330.644051;-5252.257616;-1615.964069;787.2284397;-31352.52373;-112154.3929;-159804.4228
-6233.655659;1919.925442;-5807.318486;1690.216564;-1912.504663;-30351.00911;-112770.9881;-159435.6638
-4616.819872;-4229.642955;-4779.8982;-4549.071735;2975.263056;-32198.00081;-111677.0043;-160110.7758
-3527.976993;-5882.085071;-4278.101537;-6183.744214;3601.87186;-33088.27079;-111133.3875;-160447.1696
-4976.593551;-2584.286342;-5025.476816;-2894.148576;1748.375803;-31765.62867;-111910.133;-159955.8112
-6309.38337;2345.055621;-5865.321263;2139.978366;-2315.193691;-30249.39808;-112829.572;-159399.4316
-4955.024118;-3294.244801;-4969.038662;-3623.530701;2390.116738;-31860.26595;-111878.0806;-159983.7732
-3533.386115;-5892.389225;-4277.587447;-6189.421557;3606.47632;-33085.32036;-111135.4215;-160443.6827
-4610.807253;-3697.336161;-4811.056532;-4017.211976;2509.519757;-32154.34786;-111680.8264;-160098.3483
-6278.962645;2275.20642;-5851.485533;2074.286589;-2256.542713;-30279.66234;-112810.2154;-159411.4345
-5293.69775;-2153.277654;-5173.780641;-2478.584943;1563.526876;-31497.74301;-112096.1442;-159849.931
-3631.040887;-5813.375808;-4316.993572;-6110.542251;3613.584174;-33014.97942;-111179.5662;-160415.2513
-4269.496115;-4570.931741;-4623.301878;-4889.555858;3031.656507;-32489.75813;-111482.5218;-160221.2382
-6137.587862;1715.585794;-5762.547942;1500.204384;-1751.303882;-30441.35486;-112709.2973;-159469.6831
-5613.931193;-905.7597406;-5379.327283;-1211.375142;559.4194602;-31132.51551;-112314.5431;-159715.7982
-6311.730303;2379.186735;-5869.143411;2178.535125;-2350.129467;-30265.42428;-112828.6779;-159402.6502
-5053.014166;-2973.094937;-5026.259127;-3302.738464;2169.885;-31774.74818;-111935.3458;-159947.7646
-3548.808819;-5876.631245;-4282.326017;-6172.970673;3606.744541;-33091.06476;-111137.9026;-160440.6652
-4504.971743;-3981.51624;-4750.706822;-4300.810909;2686.523221;-32279.94231;-111613.5253;-160140.5931
-6247.200817;2159.357328;-5831.883053;1955.978806;-2150.684851;-30333.53005;-112784.2203;-159427.416
-5388.491498;-1789.033626;-5232.923357;-2108.395351;1276.441071;-31407.82194;-112155.5775;-159812.5365
-3672.503373;-5768.068822;-4334.338526;-6065.637596;3610.566689;-33001.41191;-111195.3466;-160405.6177
-4173.160097;-4775.472555;-4574.463317;-5093.761396;3141.738849;-32598.65583;-111428.1847;-160258.6103
-6077.752242;1476.511535;-5723.924127;1254.446954;-1541.063373;-30534.31577;-112663.2303;-159500.8191
-5699.828947;-536.6430326;-5436.190121;-834.9270624;248.3055292;-31048.45059;-112372.0765;-159681.5776
-3890.812861;-5534.694259;-4426.293603;-5835.012297;3570.110031;-32848.28011;-111294.3424;-160348.7772
-3895.41732;-5327.828864;-4438.721173;-5642.049687;3411.658515;-32844.45797;-111287.3463;-160350.7442
-5820.327201;440.575235;-5557.604797;193.8790314;-658.8176678;-30846.6814;-112479.7672;-159616.4223
-5970.553275;648.8040863;-5620.81553;377.6103708;-776.7678233;-30723.85856;-112568.146;-159564.5216
-4170.321425;-5136.699097;-4551.016337;-5442.850941;3430.478684;-32633.97159;-111427.0447;-160267.618
-3976.218876;-5441.845112;-4461.631711;-5743.995994;3542.371517;-32817.79233;-111328.5183;-160335.3438
-3833.52534;-5451.948101;-4408.389855;-5764.984282;3463.156934;-32925.81832;-111252.8799;-160379.2203
-5732.41779;87.84235571;-5501.032531;-165.6487782;-376.984522;-30976.23211;-112414.0754;-159661.5952
-6042.280023;959.9627209;-5672.58217;698.2237933;-1063.361891;-30667.9792;-112619.0856;-159544.5167
-4262.343557;-4988.059996;-4594.401073;-5296.558773;3362.328215;-32586.40708;-111469.7366;-160247.3897
-3646.776515;-5739.995031;-4323.922613;-6047.108;3565.907903;-33072.84809;-111167.2057;-160433.2445
-5394.906449;-1175.277075;-5284.377072;-1455.635006;649.6087491;-31371.25449;-112178.7563;-159805.6969
-6220.401075;1837.603967;-5797.416663;1605.034066;-1857.340557;-30437.57742;-112750.6703;-159459.5354
-4580.27477;-4323.207357;-4755.646557;-4640.289204;3018.088999;-32297.19785;-111641.3756;-160136.9497
-3546.931272;-5873.479649;-4278.727386;-6174.870571;3596.328628;-33146.6759;-111123.4186;-160458.9713
-5025.566223;-2445.884341;-5054.154104;-2750.426859;1623.429552;-31782.61599;-111930.8531;-159954.5595
-6306.857622;2311.706819;-5858.928664;2102.74036;-2314.54549;-30317.66031;-112815.8033;-159414.8319
-4915.819158;-3422.812035;-4942.462437;-3750.108629;2459.630663;-31964.6039;-111840.6638;-160012.3164
-3544.360822;-5894.736158;-4273.832354;-6191.030883;3601.961267;-33152.17443;-111121.8317;-160459.2172
-4660.673995;-3580.838869;-4837.900977;-3898.166585;2420.850387;-32176.58784;-111699.669;-160099.4435
-6100.215745;1243.069916;-5710.535432;989.9587619;-1324.251452;-30610.51287;-112657.4859;-159518.9687
-4354.835076;-4817.940869;-4636.77998;-5127.713695;3279.11267;-32527.53258;-111512.0931;-160220.8805
-3610.097302;-5788.453613;-4302.241421;-6093.599629;3575.228581;-33118.78093;-111142.887;-160444.2415
-5284.824107;-1549.087649;-5213.007952;-1835.949938;936.1804648;-31508.67301;-112099.2288;-159850.1098
-6254.733354;2021.178844;-5820.751884;1797.013199;-2035.662775;-30409.90596;-112772.888;-159445.7667
-4676.901362;-4087.329398;-4807.368494;-4406.91464;2879.105852;-32226.05225;-111693.8128;-160107.5348
-3535.576586;-5886.018978;-4270.099612;-6185.800575;3595.680427;-33173.87798;-111112.4439;-160463.9334
-4913.941612;-2789.743577;-4985.131918;-3099.002313;1874.082014;-31918.53695;-111854.0301;-159999.1289
-6313.071407;2362.780555;-5867.399975;2162.441869;-2368.413194;-30329.68555;-112818.7538;-159417.3577
-5014.680924;-3112.972154;-5000.576973;-3440.246396;2248.093754;-31882.48359;-111899.1136;-159978.9453
-3558.598883;-5881.794498;-4278.101537;-6177.575133;3602.497709;-33160.24341;-111123.7316;-160457.4514
-4554.525561;-3865.086003;-4775.941941;-4183.352492;2602.167738;-32301.02;-111630.6691;-160140.4143
-6262.467058;2209.872271;-5840.868454;2009.153606;-2223.685649;-30383.82147;-112784.7568;-159437.9883
-5350.247663;-1949.63091;-5207.59883;-2270.132574;1384.467052;-31521.03353;-112119.2783;-159846.757
-3670.178791;-5791.895782;-4328.571776;-6088.458727;3612.220718;-33084.58276;-111179.1192;-160430.227
-5180.039129;-1920.707753;-5148.14319;-2214.946117;1232.050506;-31651.83594;-112025.468;-159900.6471
-6283.231829;2173.684797;-5842.0978;1958.281035;-2172.410747;-30396.07023;-112790.747;-159438.6142
-4773.036214;-3827.75859;-4863.203152;-4150.27191;2725.214091;-32152.71618;-111748.9099;-160077.6506
-3524.60188;-5897.597182;-4272.200676;-6195.791804;3602.609468;-33202.89054;-111111.5946;-160473.9693
-4809.402503;-3125.533834;-4925.251594;-3439.084105;2119.437113;-32059.30824;-111785.8796;-160050.4932
-6310.590364;2372.548267;-5868.539914;2175.227067;-2368.457898;-30354.42893;-112814.194;-159424.8008
-5113.6768;-2789.631818;-5062.603064;-3116.883709;2026.386801;-31803.42547;-111960.8044;-159948.8822
-3569.394776;-5871.289178;-4292.674874;-6167.15922;3612.466587;-33172.91685;-111135.8909;-160462.7041
-4451.282853;-4135.050372;-4722.253051;-4452.758068;2773.426804;-32428.98374;-111570.163;-160187.1294
-6231.48754;2077.952275;-5823.747018;1874.439642;-2092.279743;-30451.03317;-112760.818;-159463.0223
-5449.712926;-1583.598743;-5273.290607;-1899.942982;1102.097464;-31439.22614;-112184.9253;-159816.9175
-3710.14371;-5744.666546;-4351.214093;-6042.123561;3611.9972;-33072.69163;-111199.6381;-160423.7673
-4127.428428;-4890.047597;-4552.044517;-5206.972981;3199.227536;-32735.64967;-111391.1031;-160300.7433
-6045.476323;1318.663516;-5704.299295;1094.341409;-1419.760456;-30672.27074;-112627.244;-159544.0474
-5753.182561;-333.689193;-5472.757575;-626.6535075;66.80936418;-31083.00639;-112396.8422;-159686.2715
-6012.216927;830.1437891;-5650.789219;564.8509341;-934.7723049;-30768.94203;-112585.7592;-159573.0599
-4213.840272;-5056.724555;-4575.558552;-5364.217504;3397.308695;-32685.47001;-111438.8688;-160276.3576
-3651.626843;-5714.111711;-4333.220939;-6021.872881;3561.63872;-33125.10647;-111165.887;-160445.3144
-5437.97826;-1011.483492;-5312.093236;-1287.616943;528.8646256;-31385.96194;-112198.1129;-159803.3052
-6203.145528;1747.548788;-5785.659645;1511.402608;-1761.339815;-30528.81724;-112727.648;-159486.2457
-4535.258357;-4423.477283;-4737.139313;-4739.687412;3081.322084;-32407.14609;-111610.3067;-160172.3996
-3539.376383;-5867.042347;-4284.427081;-6169.282635;3599.837852;-33210.6913;-111117.8084;-160476.4951
-5072.214314;-2287.298714;-5084.440718;-2589.561354;1522.95846;-31799.17864;-111952.2884;-159954.1348
-6303.348399;2287.455176;-5859.889789;2080.098042;-2266.600998;-30395.48908;-112803.6216;-159437.8319
-4870.109841;-3545.389002;-4920.110693;-3870.852753;2552.211589;-32076.18381;-111805.1468;-160046.8946
-3517.359914;-5897.820699;-4272.334787;-6194.920086;3604.3082;-33222.15774;-111108.4877;-160477.3445
-4701.175356;-3444.113248;-4863.672538;-3760.032804;2342.775743;-32195.47507;-111716.0304;-160098.4153
-6299.39214;2341.255825;-5864.717765;2145.275729;-2325.497845;-30392.76217;-112804.1357;-159437.9883
-5214.170243;-2446.823114;-5125.478521;-2773.091528;1782.529269;-31720.23227;-112023.5681;-159916.7851
-3597.580325;-5847.641033;-4307.158805;-6143.645184;3617.182805;-33174.1462;-111147.6479;-160460.6477
-3529.809836;-5886.68953;-4278.548572;-6187.387548;3602.654171;-33242.98957;-111108.1748;-160484.8546
-4962.73547;-2641.126828;-5018.100741;-2950.45262;1781.00935;-31939.41348;-111876.9407;-160001.9675
-6312.959649;2354.331595;-5868.025824;2151.288349;-2337.47838;-30401.63581;-112808.1143;-159437.3848
-4974.40308;-3247.373193;-4980.952141;-3575.206229;2354.085726;-31998.10916;-111866.0106;-160016.675
-3541.544502;-5894.087958;-4281.521354;-6190.114461;3609.404398;-33238.09454;-111114.3438;-160481.9042
-4598.066759;-3746.957034;-4804.418064;-4064.530619;2534.777228;-32326.09866;-111648.4611;-160143.6776
-6276.638064;2259.180219;-5851.172608;2061.188467;-2255.782754;-30438.62795;-112784.5109;-159451.7794
-5312.853195;-2101.265144;-5186.789356;-2423.063209;1514.800073;-31636.12266;-112084.6331;-159883.4139
-3643.647271;-5812.705256;-4323.989668;-6108.86587;3617.11575;-33166.5466;-111161.1931;-160453.9198
-4258.387298;-4607.655657;-4618.809178;-4925.408056;3050.633138;-32659.7208;-111452.0563;-160266.4557
-6131.664649;1682.48286;-5759.373994;1466.609712;-1727.365163;-30607.33892;-112680.7988;-159513.269
-5628.035143;-849.0757166;-5388.491498;-1151.718337;507.0940265;-31269.21877;-112299.3439;-159747.0459
-3833.972375;-5609.192623;-4401.14789;-5908.013094;3588.192593;-33024.63538;-111244.5204;-160397.4146
-3959.388013;-5212.180938;-4467.420813;-5525.820616;3357.880218;-32920.02921;-111294.186;-160360.5566
-5075.611779;-2931.073657;-5038.887863;-3257.498533;2128.802494;-31913.19488;-111922.6947;-159980.9793
-3575.876781;-5879.671082;-4289.523278;-6174.535295;3610.410227;-33244.62125;-111118.9259;-160480.4513
-4499.853194;-4024.275127;-4746.728211;-4338.071267;2704.538727;-32448.38505;-111582.9035;-160185.3189
-6248.161942;2137.653784;-5833.045344;1940.980785;-2152.763564;-30492.18273;-112758.8958;-159468.8561
-5411.849071;-1743.123143;-5247.608453;-2054.170019;1223.936823;-31548.43677;-112144.7593;-159848.4781
-3714.390542;-5765.766593;-4344.419163;-6058.350928;3613.360657;-33150.78862;-111179.1192;-160444.9791
-4178.077481;-4809.11193;-4572.406956;-5121.87989;3156.200428;-32763.45524;-111399.0604;-160302.2632
-6072.253713;1431.584529;-5720.258441;1212.425674;-1517.102303;-30700.70215;-112632.2508;-159544.2038
-5719.632592;-490.2184594;-5449.690574;-784.9932653;197.5223658;-31191.01002;-112359.4031;-159717.4969
-3919.713666;-5527.161721;-4434.116713;-5826.697448;3567.092546;-32996.58394;-111274.8294;-160384.8082
-3896.914887;-5349.264187;-4434.96608;-5661.696871;3418.229928;-33005.52464;-111255.7633;-160390.3962
-5808.972515;386.5957721;-5548.798209;141.8441703;-622.3172691;-31013.42541;-112443.2668;-159657.6389
-5983.986674;687.1596798;-5629.733876;419.0952085;-814.3411057;-30867.13324;-112550.5552;-159599.1221
-4193.008446;-5124.070361;-4561.588712;-5429.417542;3426.812998;-32781.87308;-111410.4374;-160304.7219
-3689.982437;-5686.261438;-4343.592148;-5994.246125;3552.250988;-33174.8838;-111162.4224;-160455.0598
-5480.468926;-852.4061265;-5336.926024;-1125.49974;402.8454903;-31395.17085;-112211.8815;-159795.6162
-5803.339875;-130.2436149;-5507.738055;-418.5364149;-99.01822794;-31115.28231;-112416.1318;-159688.3502
-3993.675589;-5430.177501;-4470.393595;-5731.635479;3542.684441;-32964.15156;-111309.0946;-160371.4195
-3833.078305;-5471.304711;-4409.753312;-5782.552753;3474.37751;-33089.29897;-111225.6108;-160422.5827
-5727.16513;41.75305864;-5499.490261;-209.5029008;-332.549254;-31148.02762;-112384.1464;-159708.9138
-6053.455896;1002.341628;-5680.584095;743.2625584;-1091.815661;-30809.80102;-112599.6843;-159578.2455
-4282.281313;-4967.451688;-4603.095901;-5275.391671;3356.852038;-32728.58652;-111450.6929;-160280.9173
-3651.403326;-5751.416773;-4326.001325;-6057.680375;3572.345206;-33231.65723;-111141.0989;-160474.0811
-5383.350597;-1226.350811;-5277.157459;-1505.65821;693.8204996;-31539.9431;-112143.1723;-159848.7687
-6229.855863;1865.096613;-5804.301;1635.45479;-1876.607761;-30584.47308;-112730.5538;-159495.9464
-4602.984143;-4296.34056;-4767.09065;-4612.260117;3005.840243;-32440.49489;-111625.1259;-160172.3772
-3560.47643;-5878.911123;-4281.163726;-6179.452679;3599.100244;-33302.17699;-111097.6471;-160497.8634
-5018.145444;-2491.884231;-5051.382488;-2796.404397;1662.768622;-31954.09858;-111899.27;-160000.917
-6316.133596;2324.067333;-5871.155068;2122.052267;-2321.541586;-30475.35187;-112797.6537;-159458.5296
-4940.18256;-3389.932619;-4958.823914;-3714.681115;2441.369288;-32110.82901;-111829.0632;-160051.3202
-3562.6669;-5900.502908;-4281.208429;-6195.925915;3607.929183;-33308.54724;-111100.6199;-160500.4115
-3777.981255;-5568.646558;-4379.131422;-5878.285274;3509.581507;-33157.85177;-111190.8986;-160443.3698
-5631.052629;-315.3384108;-5435.966603;-575.2444953;-40.43430572;-31278.40534;-112311.3468;-159752.008
-6115.571393;1282.319579;-5724.304107;1033.164684;-1348.838371;-30759.5543;-112642.1079;-159558.7101
-4381.321893;-4802.428758;-4651.979167;-5111.665143;3277.235124;-32677.37868;-111498.615;-160261.3819
-3624.201253;-5806.133843;-4311.182119;-6110.318733;3586.695026;-33284.58617;-111122.4128;-160491.6943
-5282.052491;-1602.843595;-5214.416112;-1888.990627;985.5554683;-31685.60942;-112070.6409;-159901.2282
-6268.636139;2043.128257;-5834.297041;1822.695353;-2048.962062;-30566.7258;-112756.9288;-159489.822
-4702.89644;-4063.569494;-4822.254756;-4382.081852;2867.974683;-32373.84199;-111679.6195;-160146.4492
-3559.090621;-5897.686588;-4279.397938;-6196.082377;3603.771759;-33335.19051;-111092.2156;-160508.5922
-4912.041713;-2843.074839;-4986.048339;-3151.528913;1915.857424;-32093.19348;-111824.9728;-160048.4815
-6320.53689;2364.412232;-5874.507829;2166.465183;-2366.736813;-30486.70655;-112796.4467;-159459.066
-5038.373773;-3080.785642;-5015.932621;-3405.668247;2227.083114;-32028.1052;-111886.2166;-160017.3903
-3586.717378;-5891.495155;-4289.858555;-6186.00174;3611.572517;-33319.90192;-111106.7666;-160502.8478
-4553.095049;-3908.403684;-4776.456031;-4224.010315;2628.5875;-32472.94962;-111601.5448;-160188.3811
-6267.429145;2194.315457;-5846.769315;1996.748387;-2212.018038;-30545.24577;-112761.2651;-159481.8648
-3592.327665;-5838.298003;-4291.512584;-6140.404182;3588.304351;-33320.39366;-111099.927;-160498.0198
-5170.427879;-1973.413166;-5142.287033;-2267.606827;1266.159268;-31820.07752;-111989.817;-159943.8307
-6289.602076;2182.759605;-5847.417515;1970.216867;-2190.560364;-30545.33518;-112766.8754;-159475.1369
-4794.24802;-3799.70715;-4870.690986;-4119.940593;2700.560117;-32292.16871;-111727.9439;-160109.323
-3552.943892;-5898.200679;-4271.619531;-6194.96479;3598.943782;-33352.69193;-111082.1797;-160508.4357
-4800.953543;-3167.711576;-4917.629649;-3479.987798;2143.264072;-32223.37004;-111748.8875;-160090.5922
-6313.406684;2365.351005;-5870.439812;2169.37091;-2370.111927;-30508.03012;-112787.1484;-159462.5753
-5133.771018;-2754.874856;-5071.923741;-3079.153964;1991.428672;-31942.02863;-111941.716;-159980.644
-3607.5045;-5868.919893;-4293.77011;-6163.292368;3608.331514;-33319.92427;-111107.8842;-160495.9858
-4451.729888;-4172.981283;-4717.089798;-4488.699673;2787.955438;-32592.01736;-111535.2272;-160227.4967
-6230.057029;2046.548074;-5822.204747;1843.527179;-2079.360435;-30609.12706;-112729.6821;-159501.9367
-5466.432031;-1551.591045;-5282.29836;-1863.889618;1062.06549;-31579.14806;-112165.0993;-159849.2604
-3749.438077;-5742.02904;-4356.265587;-6038.033192;3609.091474;-33221.04016;-111175.3641;-160459.1278
-4135.542111;-4917.741408;-4550.435191;-5231.895176;3208.302344;-32898.50448;-111359.319;-160342.027
-6041.318898;1277.916286;-5701.862955;1056.43285;-1395.844089;-30835.99726;-112594.6105;-159585.5993
-5770.3487;-302.0167711;-4930.481902;-3845.371764;2528.451685;-32219.25732;-111787.1984;-160081.6292
-3549.144095;-5902.156937;-4276.648674;-6197.825813;3605.246974;-33376.18361;-111084.0572;-160516.2365
-4694.805109;-3487.140356;-4857.279939;-3801.539993;2362.825258;-32359.44746;-111680.1782;-160138.8943
-6297.916925;2323.575595;-5862.169667;2127.930776;-2320.625165;-30544.9999;-112772.4633;-159473.1029
-5228.564766;-2416.5365;-5131.602899;-2739.005117;1750.25335;-31858.9025;-112000.6576;-159947.1164
-3623.664811;-5843.50596;-4307.114101;-6138.258414;3612.667753;-33320.2819;-111118.2554;-160492.8566
-4347.906035;-4413.173129;-4662.596245;-4729.383258;2935.812227;-32708.33584;-111473.8269;-160266.724
-6181.576095;1868.65054;-5791.672265;1660.68991;-1902.714599;-30682.28432;-112691.5053;-159524.7802
-5553.492076;-1178.383968;-5339.585881;-1483.820556;772.2080674;-31493.1162;-112222.208;-159813.5647
-3786.63138;-5677.276036;-4377.879724;-5974.107203;3600.4637;-33198.28608;-111194.9442;-160445.672
-4038.02145;-5079.568038;-4503.697694;-5393.76651;3294.893002;-32990.32545;-111307.2841;-160370.4137
-5964.183028;999.1453289;-5651.526827;769.3693959;-1132.518188;-30940.69283;-112535.5348;-159618.9928
-5844.91412;64.08245135;-5535.320107;-217.6836393;-266.2316282;-31146.75357;-112429.8781;-159687.5903
-4029.550139;-5366.027995;-4485.257505;-5667.262455;3518.186929;-33013.88419;-111309.3852;-160375.4652
-3790.945267;-5525.194767;-4389.1003;-5834.855835;3494.404673;-33199.98481;-111188.7751;-160449.2483
-5670.391699;-157.9374263;-5460.844095;-413.373162;-158.9209031;-31292.15166;-112326.099;-159747.3812
-4951.224321;-2682.745777;-5009.38356;-2989.098786;1811.474778;-32101.97772;-111838.3168;-160040.5467
-6315.418341;2355.6727;-5868.785783;2155.356366;-2336.226682;-30551.61602;-112779.1241;-159472.2983
-4989.26699;-3213.666763;-4986.741243;-3538.437609;2330.079952;-32135.7065;-111842.4743;-160046.2911
-3559.090621;-5892.568039;-4280.96256;-6186.962865;3606.99041;-33386.55482;-111084.7278;-160515.6777
-4589.908372;-3783.904467;-4796.662008;-4098.929953;2555.05026;-32487.72412;-111611.0667;-160182.2344
-6272.838267;2240.114181;-5846.210521;2042.949443;-2240.762382;-30589.52458;-112750.1339;-159484.9941
-5323.492625;-2065.725871;-5189.78449;-2383.746491;1483.485279;-31771.26131;-112058.7721;-159910.4372
-3668.971797;-5808.637239;-4325.93427;-6103.389693;3615.126445;-33313.46462;-111134.2592;-160487.5145
-4256.375641;-4634.142474;-4614.22707;-4949.838513;3063.328929;-32821.36861;-111418.1487;-160306.1971
-6128.155426;1652.687985;-5756.960005;1438.446514;-1702.286506;-30767.08684;-112648.6346;-159552.6975
-5643.681364;-811.8153586;-5399.197984;-1111.887528;474.683997;-31411.55468;-112281.3955;-159781.4229
-3857.955796;-5605.43753;-4409.261573;-5903.162766;3589.421939;-33174.36971;-111223.9791;-160435.055
-3964.908894;-5231.381086;-4468.784269;-5544.104343;3368.787869;-33081.16294;-111266.5816;-160402.4214
-5886.890696;685.6174094;-5601.414216;450.2535403;-863.8725715;-31056.63133;-112475.9227;-159658.6895
-5922.519377;401.213813;-5588.874887;127.4719986;-554.1668003;-31077.59727;-112482.4494;-159660.4776
-4847.176951;-3022.626403;-4949.257368;-3333.069781;2059.065051;-32240.64794;-111769.3617;-160090.0558
-6315.016009;2376.057491;-5872.652635;2180.546782;-2350.464743;-30571.37496;-112776.7101;-159477.1933
-5087.502907;-2896.070826;-5047.336822;-3222.227481;2115.771427;-32054.59202;-111902.7122;-160014.0598
-3574.736842;-5879.402862;-4292.943095;-6174.378833;3613.695933;-33395.45082;-111093.8026;-160517.2423
-4488.029121;-4056.528694;-4741.944938;-4373.923465;2732.836036;-32613.76561;-111548.7723;-160226.8261
-6243.356316;2123.929813;-5831.324259;1922.272375;-2116.754903;-30650.83541;-112727.4469;-159506.8317
-5420.499196;-1697.369122;-5254.49279;-2013.087513;1205.675448;-31687.8893;-112123.1451;-159878.9659
-3704.399312;-5762.816162;-4347.414297;-6059.289701;3615.752294;-33301.52879;-111153.6382;-160480.3843
-4163.884123;-4829.474369;-4570.708224;-5145.393925;3173.746547;-32927.60645;-111368.5055;-160344.0386
-6068.699785;1412.965526;-5720.414903;1193.225526;-1479.126689;-30862.81936;-112603.2159;-159585.8228
-5729.556767;-446.8337234;-5457.871313;-741.899102;183.1948976;-31332.72008;-112339.3088;-159750.421
-3922.172358;-5519.964459;-4442.342155;-5819.902518;3572.501668;-33145.71478;-111255.2269;-160422.2474
-3887.795375;-5364.664538;-4436.106019;-5677.119574;3432.289175;-33165.92075;-111229.0977;-160431.9034
-5803.317523;354.0292804;-5548.03825;109.0541612;-576.6079517;-31179.18595;-112413.4272;-159701.0013
-5992.480337;731.3490786;-5637.914614;465.0280434;-833.3400885;-31010.6985;-112530.5504;-159632.8508
-5523.920718;-1350.514752;-5319.871643;-1657.985348;895.5449933;-31609.32292;-112189.3286;-159850.3333
-3804.691589;-5713.016476;-4376.002178;-6008.663;3608.443273;-33287.06721;-111179.9909;-160473.9246
-4101.589811;-5017.519595;-4529.379848;-5330.265204;3256.827981;-33027.36229;-111320.941;-160378.4827
-6005.734921;1113.295688;-5676.829002;888.1242142;-1264.348777;-30968.58781;-112551.4269;-159622.122
-5820.684829;-111.6246118;-5516.723456;-394.9329728;-149.4437634;-31258.66875;-112398.4963;-159722.1684
-4039.451961;-5424.90249;-4476.808545;-5723.745313;3533.587281;-33110.22021;-111287.4134;-160405.6177
-3858.112259;-5485.587476;-4407.786358;-5794.600343;3473.304626;-33244.57654;-111194.4972;-160459.1725
-5722.873595;-9.410084416;-5493.634104;-259.8390293;-308.4764252;-31311.7765;-112348.9424;-159748.834
-6068.699785;1014.344515;-5688.094281;760.5851603;-1123.868063;-30957.74722;-112578.629;-159614.1648
-4321.106293;-4961.863752;-4612.6848;-5265.869828;3347.821933;-32876.37626;-111430.4646;-160317.4177
-3684.081576;-5761.922093;-4326.470712;-6066.062279;3571.831116;-33388.03004;-111110.9911;-160512.1908
-5383.372949;-1275.323483;-5276.822183;-1551.680452;727.8398547;-31711.26923;-112111.9692;-159895.238
-6243.222206;1875.847802;-5812.101759;1651.369232;-1888.498889;-30736.55435;-112708.0456;-159534.1008
-4629.202739;-4284.203563;-4777.774784;-4596.680951;2998.441815;-32587.34585;-111605.2105;-160208.7435
-4108.004762;-5312.361456;-4513.107778;-5612.433626;3503.233612;-33072.71398;-111317.0295;-160389.5468
-3791.235839;-5587.019692;-4381.165431;-5894.445586;3518.566909;-33318.87374;-111158.9579;-160485.8158
-5628.571585;-366.2780364;-5433.060876;-623.4125046;22.61996539;-31447.98803;-112273.9747;-159796.7785
-6129.094199;1297.138786;-5731.031982;1052.655405;-1335.203807;-30909.13217;-112614.9953;-159595.0987
-4410.088588;-4794.180965;-4660.875161;-5100.153995;3278.263304;-32824.31904;-111473.7599;-160297.5917
-3647.268253;-5814.403989;-4312.322058;-6116.465463;3588.438462;-33438.63439;-111089.7122;-160529.7146
-5276.732776;-1653.157372;-5208.828176;-1937.158637;1042.686527;-31851.52642;-112030.743;-159942.9589
-6277.956817;2048.783249;-5837.87332;1833.29008;-2025.090399;-30717.98005;-112726.821;-159525.9872
-4722.565975;-4047.476238;-4830.010811;-4361.741765;2867.013558;-32517.38489;-111654.2949;-160179.9098
-3575.653264;-5902.536917;-4282.303665;-6199.613953;3605.135215;-33488.72465;-111062.376;-160546.9254
-4907.951344;-2881.89982;-4984.148441;-3189.124547;1963.377233;-32261.45741;-111790.2382;-160093.4979
-6327.912966;2366.401537;-5880.5428;2171.606084;-2327.822426;-30646.27566;-112769.2223;-159501.0203
-5054.645843;-3054.589397;-5026.125017;-3377.683863;2230.994669;-32174.37502;-111863.8649;-160053.153
-3588.952552;-5893.193888;-4293.926572;-6187.27579;3615.059389;-33472.02789;-111078.0223;-160540.1752
-4543.975537;-3940.970175;-4772.566828;-4255.906255;2671.659311;-32637.92785;-111564.6197;-160230.4024
-3529.653374;-5841.986041;-4295.938229;-6146.439153;3604.285849;-33476.20767;-111069.7968;-160537.4259
-5154.93812;-1989.752291;-5139.04603;-2287.611638;1373.268828;-31986.03922;-111951.1931;-159986.0084
-6290.227925;2224.445608;-5852.938396;2011.344077;-2084.389577;-30701.26095;-112736.8123;-159514.7219
-4792.124604;-3763.743194;-4881.777451;-4089.40811;2745.263606;-32441.9701;-111703.5358;-160147.3209
-3501.557231;-5905.666161;-4279.397938;-6203.592563;3613.606526;-33511.1658;-111051.8707;-160550.1217
-4787.318979;-3194.913649;-4918.680181;-3508.799196;2240.762382;-32393.86915;-111710.0178;-160136.6145
-6312.043227;2382.941828;-5873.256132;2187.922858;-2233.632175;-30666.81691;-112749.6645;-159502.0708
-5139.984803;-2712.540652;-5081.758509;-3040.261929;2053.54417;-32089.14782;-111913.0387;-160016.1833
-3575.362691;-5872.742042;-4302.643752;-6168.120345;3622.301355;-33475.09008;-111077.7317;-160535.9954
-4432.328574;-4193.254315;-4715.167548;-4511.029066;2854.22836;-32755.94506;-111493.8318;-160268.3333
-6221.831587;2049.18558;-5820.550718;1845.874112;-1936.644547;-30767.91385;-112688.6219;-159539.4653
-5470.678862;-1501.165509;-5289.048587;-1816.101589;1130.819455;-31723.138;-112134.1198;-159881.6481
-3724.404123;-5738.497464;-4361.965282;-6035.373334;3621.675506;-33370.39451;-111142.2612;-160494.3094
-4114.218547;-4932.739429;-4548.557645;-5248.189598;3256.962092;-33059.03471;-111316.2471;-160380.8743
-6220.937517;1772.403928;-5798.467195;1543.030327;-1695.648038;-30828.55413;-112667.1866;-159558.0396
-4609.376742;-4401.684332;-4758.395822;-4711.323048;3088.139366;-32701.3621;-111558.9424;-160244.2605
-3655.270178;-5889.952885;-4295.82647;-6186.091147;3602.117729;-33525.80619;-111055.2905;-160556.6708
-5078.18223;-2394.251811;-5083.457241;-2690.233611;1622.758999;-32137.69581;-111875.6219;-160043.0054
-6326.571861;2266.712757;-5875.737175;2064.898856;-2216.197814;-30710.04518;-112745.5518;-159519.5275
-4944.608205;-3530.703906;-4947.156304;-3846.332889;2537.504141;-32374.40078;-111761.7621;-160123.3822
-3694.028103;-5920.105388;-4289.724444;-6209.739293;3603.011799;-33537.69732;-111055.067;-160560.4259
-4730.18792;-3553.346223;-4866.399451;-3859.833343;2393.715369;-32533.5899;-111645.7119;-160189.1187
-6318.793454;2272.948894;-5874.239609;2079.136917;-2282.89542;-30714.22496;-112741.9979;-159522.0979
-5274.60936;-2443.470352;-5151.115972;-2755.433649;1741.335004;-32017.66694;-111980.0716;-159992.848
-3791.772281;-5866.349443;-4324.704924;-6153.859932;3610.901965;-33485.64011;-111096.5295;-160541.4269
-4407.272268;-4473.209914;-4672.27455;-4780.389938;2945.557588;-32883.84174;-111443.3615;-160318.2
-6198.205793;1797.013199;-5801.305866;1590.527784;-1872.36093;-30859.28778;-112660.5258;-159577.955
-5585.611532;-1210.615183;-5354.382736;-1507.245184;752.6949945;-31652.05945;-112197.5094;-159858.3129
-4969.284531;-2754.718394;-5013.697447;-3057.137496;1857.206447;-32280.85873;-111802.1964;-160092.6262
-6326.035419;2315.081932;-5879.738138;2114.117398;-2291.031455;-30721.48928;-112748.2564;-159523.5285
-5033.545796;-3232.777504;-5001.851022;-3551.111049;2330.169359;-32295.43207;-111817.4627;-160091.978
-3709.383751;-5915.702095;-4291.110252;-6203.212583;3604.285849;-33555.95869;-111054.62;-160562.6611
-4626.676992;-3854.245407;-4802.294648;-4162.274797;2591.081272;-32668.88501;-111574.4098;-160235.1633
-6284.036491;2183.743082;-5857.162876;1985.751329;-2180.680893;-30765.18694;-112717.1874;-159539.957
-5360.440059;-2083.339045;-5208.202327;-2394.318866;1479.886649;-31931.81389;-112034.811;-159958.784
-3832.988898;-5828.731457;-4333.690325;-6114.856138;3607.549203;-33478.24168;-111099.7481;-160530.7651
-4321.173349;-4688.814841;-4615.657582;-4995.011389;3077.142307;-32997.18744;-111375.7698;-160353.5158
-6136.492626;1581.587086;-5764.760764;1368.396147;-1636.415915;-30945.342;-112610.7708;-159607.3251
-5668.491801;-836.3128705;-5415.067722;-1130.126551;479.0872907;-31571.39201;-112254.0593;-159829.1215
-4011.087598;-5625.621155;-4419.878652;-5913.98101;3582.537601;-33338.09624;-111192.8208;-160479.0208
-4064.128287;-5283.304189;-4472.025272;-5586.438547;3374.845192;-33259.97689;-111227.1978;-160451.3941
-5889.349388;588.1191001;-5603.045893;353.0234519;-795.4762334;-31237.38989;-112432.6721;-159711.9537
-5937.04801;365.2051527;-5599.603724;94.23495462;-549.9199688;-31236.60758;-112449.9723;-159706.4998
-3788.508926;-5906.828452;-4299.089825;-6190.516793;3602.005971;-33568.7886;-111061.6608;-160563.4881
-4551.95511;-4128.188387;-4747.242301;-4433.870844;2733.059553;-32796.71464;-111514.4848;-160279.6656
-6249.614805;2049.364394;-5840.734344;1846.499961;-2114.385618;-30826.45307;-112696.4227;-159563.6722
-5443.677955;-1730.405;-5267.233284;-2040.624862;1163.430651;-31847.23489;-112098.1782;-159927.3351
-3878.340587;-5780.250523;-4350.118858;-6066.643425;3600.173128;-33465.52354;-111119.6636;-160521.0868
-4239.812999;-4875.496611;-4564.539142;-5180.843792;3165.409346;-33099.17845;-111324.7855;-160385.2329
-6065.123506;1338.310699;-5721.063104;1118.168368;-1463.279303;-31034.39135;-112565.5979;-159636.5389
-5735.569386;-467.6208457;-5466.879066;-764.0049772;144.0346413;-31487.95295;-112314.8113;-159796.4656
-4023.850444;-5527.564052;-4446.678394;-5821.645954;3558.151848;-33303.62985;-111229.9694;-160462.2347
-3964.573618;-5393.408882;-4436.575405;-5699.828947;3426.880053;-33337.73861;-111200.2416;-160476.8527
-5797.751939;295.2218408;-5547.591215;47.29629127;-569.7012627;-31350.37796;-112381.1513;-159750.9575
-5991.742729;710.0702179;-5644.128399;439.0776681;-860.9221412;-31168.21124;-112504.4659;-159680.0801
-4279.777918;-5114.146187;-4573.61395;-5414.866557;3408.39516;-33083.59928;-111361.2412;-160379.4885
-3789.246534;-5716.5257;-4345.447343;-6016.955497;3552.988595;-33500.10169;-111100.5528;-160536.733
-5477.876124;-950.3067673;-5337.149541;-1222.551015;481.590686;-31740.12533;-112143.9322;-159892.4216
-6191.053234;1643.032031;-5782.418642;1402.706075;-1663.036843;-30928.24291;-112643.7619;-159594.3835
-4064.79884;-5002.700389;-4521.959069;-5318.083503;3285.684083;-33180.24822;-111284.3959;-160411.6303
-5971.089717;1135.558025;-5663.529714;902.7199033;-1128.517226;-31122.45722;-112504.8012;-159659.4271
-5782.038663;-65.1106316;-5503.893555;-362.1429637;-19.64718338;-31408.76072;-112351.7588;-159757.7524
-3920.250108;-5399.53326;-4467.599626;-5705.819214;3553.994424;-33257.74172;-111246.3756;-160435.4349
-3747.515827;-5463.146325;-4395.515251;-5780.138764;3500.238478;-33394.42264;-111151.2913;-160487.4251
-5675.867877;35.11459054;-5473.785755;-232.6146045;-134.870426;-31461.04145;-112296.3711;-159778.8301
-6016.463759;1083.567868;-5669.989368;804.3945795;-943.6235957;-31104.08409;-112529.8351;-159645.3902
-4177.473983;-4917.920222;-4603.252364;-5240.120618;3394.268858;-33021.68495;-111396.2664;-160347.2573
-3488.369702;-5735.099999;-4317.395904;-6049.142009;3592.551183;-33534.14339;-111078.2905;-160539.974
-5331.203977;-1219.421771;-5258.136124;-1518.510463;863.9843302;-31855.23681;-112066.2823;-159921.9707
-6186.538182;1936.018698;-5792.834555;1688.271962;-1712.791826;-30883.83;-112659.654;-159565.8403
-4533.067886;-4235.029725;-4767.872962;-4569.836506;3059.372671;-32733.57096;-111570.4312;-160239.3654
-3401.868451;-5864.941283;-4279.375586;-6171.495458;3612.488939;-33605.40075;-111040.6948;-160566.6844
-4968.256351;-2499.30501;-5036.473875;-2819.605508;1778.237734;-32269.66051;-111827.3645;-160074.4096
-6275.743994;2354.711575;-5858.347518;2136.782066;-2191.297971;-30782.57659;-112727.3128;-159532.1562
-3547.15479;-5790.71114;-4310.019828;-6099.411082;3592.886459;-33584.07719;-111070.892;-160559.5318
-5243.898063;-1604.207051;-5200.692141;-1908.235479;1072.257885;-31992.99061;-112004.0997;-159973.0444
-6226.592508;2073.191353;-5820.282497;1833.15597;-1956.694061;-30867.96026;-112688.5548;-159562.1299
-4659.534056;-4020.318868;-4820.757189;-4354.544503;2894.573259;-32668.50503;-111625.3718;-160214.3091
-3466.621455;-5881.30276;-4274.972293;-6183.140717;3606.543375;-33633.98863;-111034.9281;-160573.4793
-4873.350844;-2834.983508;-4973.799583;-3157.228608;1992.792129;-32400.73113;-111757.1577;-160119.2024
-6274.961683;2383.679436;-5859.308643;2168.812116;-2245.277434;-30790.55617;-112723.2895;-159532.6927
-5001.962781;-3034.294013;-5010.27763;-3378.510878;2272.524211;-32322.00829;-111825.1517;-160084.1773
-3510.989667;-5874.910161;-4284.181211;-6172.009548;3611.684276;-33617.78362;-111047.1768;-160565.7903
-4514.135958;-3906.235564;-4763.648482;-4231.967536;2671.838125;-32777.49214;-111533.8637;-160254.8775
-6220.423427;2192.236744;-5827.368;1975.067195;-2106.227232;-30848.64835;-112685.962;-159553.7927
-5338.870625;-1872.11506;-5212.426807;-2210.676934;1391.016113;-31956.55727;-112040.7119;-159948.8375
-3668.301245;-5772.896799;-4328.482369;-6070.197352;3609.04677;-33530.79063;-111095.8813;-160528.6194
-4199.289286;-4724.443522;-4584.655712;-5044.118171;3124.684468;-33098.642;-111344.4774;-160371.0619
-5172.193667;-2008.57246;-5147.271472;-2306.565917;1300.715065;-32142.12145;-111932.2612;-160028.7449
-6273.531172;2145.499247;-5849.317413;1923.345259;-2146.348613;-30867.40146;-112706.1233;-159564.9015
-4820.377209;-3824.115255;-4879.899905;-4144.326346;2708.249117;-32609.67524;-111676.8925;-160192.762
-3665.708442;-5910.829414;-4282.862459;-6201.603258;3598.094415;-33670.86901;-111034.1011;-160587.9185
-4822.366514;-3206.625963;-4927.330306;-3517.136397;2151.489514;-32546.62097;-111697.5679;-160176.5123
-6304.108358;2319.41817;-5876.787707;2115.927889;-2349.637729;-30834.4997;-112731.2467;-159556.3185
-5153.731126;-2797.030246;-5083.725462;-3120.728209;1993.753254;-32264.09492;-111893.0786;-160069.0898
-3751.472086;-5886.309551;-4309.237517;-6173.417708;3608.331514;-33641.63293;-111063.4936;-160579.2237
-4501.306057;-4210.979248;-4730.456141;-4521.064999;2788.402473;-32915.9612;-111487.5286;-160313.752
-6226.659563;1993.909716;-5830.765466;1786.038492;-2072.431394;-30936.28954;-112675.8591;-159596.6187
-5475.730357;-1603.894127;-5292.468404;-1913.711657;1052.342481;-31901.54963;-112114.7409;-159938.9803
-3896.870184;-5760.849209;-4370.637759;-6048.314994;3605.71636;-33541.07243;-111130.8841;-160541.9186
-4216.522481;-4944.250577;-4563.376851;-5252.727002;3203.295553;-33219.96727;-111313.5202;-160425.9131
-6041.698878;1234.15157;-5711.742426;1005.672038;-1401.186156;-31162.66801;-112544.7884;-159680.1695
-5772.092136;-354.1410391;-5495.198726;-646.0101182;14.30511645;-31552.43773;-112331.9775;-159815.8446
-4084.043692;-5503.871203;-4468.963083;-5796.075558;3549.792296;-33380.13987;-111237.3455;-160483.1559
-6180.123231;1830.630223;-5801.976419;1618.556871;-1913.465788;-31008.77625;-112643.6055;-159620.0209
-5555.481381;-1239.739506;-5348.258358;-1546.338385;768.3859191;-31822.20093;-112174.1518;-159907.8891
-3909.923602;-5700.544202;-4390.709626;-5989.57461;3599.614334;-33524.6886;-111152.163;-160531.838
-4122.600451;-5103.886736;-4519.545081;-5410.373856;3288.142775;-33315.65509;-111267.3192;-160456.9373
-5968.094584;963.270779;-5663.619121;732.1760931;-1162.290712;-31265.17311;-112491.4572;-159713.1383
-5840.04144;-2.928078524;-5542.226796;-288.203393;-275.9769888;-31476.68767;-112382.023;-159783.6581
-4124.321535;-5394.995856;-4496.455729;-5689.457737;3515.057685;-33341.80663;-111267.0957;-160463.2629
-3891.036378;-5539.879863;-4398.130405;-5842.433076;3484.525202;-33519.14537;-111144.7422;-160528.9323
-5673.833868;-182.9713801;-5469.225999;-439.1447233;-203.624392;-31608.80883;-112280.792;-159834.0165
-6074.667701;1096.353066;-5706.66858;837.6539752;-1249.104887;-31181.93521;-112558.2665;-159677.7108
-4386.775719;-4908.241917;-4635.036544;-5210.862185;3305.778301;-33098.84317;-111416.83;-160372.5818
-3735.89292;-5791.538154;-4322.648564;-6089.151631;3573.351034;-33652.49588;-111071.9649;-160578.352
-5336.590747;-1445.464962;-5251.140028;-1727.32046;810.1613295;-32008.32391;-112047.708;-159978.9453
-6237.567215;1921.154788;-5824.439922;1689.098977;-2012.439312;-30970.80063;-112685.5821;-159602.7207
-4683.226905;-4204.050208;-4803.792215;-4518.561604;2916.723837;-32802.77196;-111601.2319;-160263.8406
-3656.410117;-5900.726426;-4286.572848;-6193.199002;3599.167299;-33715.66191;-111042.5947;-160601.3966
-5627.789274;-857.5917313;-5402.953077;-1168.303331;433.1991593;-31736.50434;-112242.5705;-159876.8201
-3918.417265;-5622.424856;-4412.591983;-5915.970315;3585.59979;-33499.81111;-111185.713;-160519.3881
-4016.317906;-5235.382049;-4472.449955;-5543.791419;3355.063898;-33398.4683;-111228.3824;-160480.5408
-5875.67012;689.6407234;-5604.655219;446.8337234;-929.07261;-31364.43721;-112436.5166;-159743.2461
-5895.965504;367.3285684;-5587.578486;78.09699513;-581.3241698;-31398.56832;-112439.2658;-159753.6397
-4131.541149;-5261.332424;-4527.882281;-5563.840933;3475.495097;-33297.41607;-111309.2734;-160443.571
-3772.594484;-5619.005039;-4368.000253;-5924.48633;3529.273394;-33586.49118;-111122.5916;-160550.1441
-5565.450259;-492.4089304;-5403.355408;-764.3849569;92.20094588;-31731.45285;-112218.073;-159874.8085
-6103.836728;1423.64966;-5736.061124;1161.486049;-1482.837079;-31117.15986;-112597.5832;-159649.3017
-4394.799995;-4696.816766;-4669.860562;-5013.205709;3226.340202;-33030.42448;-111462.964;-160340.7753
-3581.934104;-5822.942355;-4298.888659;-6123.72978;3596.060407;-33694.15953;-111055.7376;-160586.5327
-5206.19067;-1761.384518;-5174.138269;-2059.355624;1128.561929;-32134.92419;-111972.0026;-160016.7197
-6236.36022;2144.493418;-5833.782951;1911.208261;-2113.446845;-30935.19431;-112700.6918;-159582.8053
-4702.292943;-3909.007181;-4842.639547;-4242.204635;2797.387874;-32717.36595;-111647.947;-160223.6969
-3477.439699;-5896.837222;-4272.513601;-6193.601333;3613.874747;-33735.17498;-111032.5588;-160599.8991
-5661.361594;-400.5656124;-5437.307708;-724.7776657;260.6213403;-31634.0216;-112281.7978;-159824.3606
-3746.845275;-5497.433901;-4425.980678;-5806.849099;3589.95838;-33450.302;-111204.1531;-160488.0509
-3768.95115;-5323.716143;-4426.114789;-5645.067173;3448.091858;-33463.44482;-111185.1765;-160493.9518
-5756.557674;453.1369153;-5535.722439;190.0121796;-546.5895589;-31462.15903;-112366.3544;-159766.2237
-5925.313345;787.2731432;-5619.250908;491.1348809;-753.0302707;-31311.64239;-112476.705;-159709.4056
-4047.543293;-5078.942189;-4552.893883;-5399.600315;3451.489324;-33233.06539;-111340.2976;-160407.987
-3528.804008;-5669.005891;-4334.271471;-5982.802031;3574.781546;-33633.65336;-111090.6286;-160557.4755
-5437.128894;-795.1409573;-5328.834692;-1086.183022;474.3487208;-31851.77229;-112138.0984;-159908.0008
-6127.037838;1725.554672;-5760.670395;1463.681634;-1593.969952;-31063.38156;-112621.4326;-159621.0044
-4411.094417;-4466.727908;-4709.892536;-4798.517203;3163.621207;-32959.81532;-111503.5995;-160306.9795
-3415.100684;-5845.875245;-4281.923685;-6150.551874;3613.740637;-33727.82126;-111036.8056;-160591.8524
-5081.13266;-2091.184508;-5105.943096;-2404.667724;1454.070384;-32268.22999;-111896.4984;-160059.6351
-6243.781;2299.413359;-5846.121114;2071.760842;-2176.098785;-30919.63749;-112710.4372;-159571.3835
-4772.34331;-3616.556956;-4892.148661;-3961.042042;2655.588407;-32634.30686;-111700.0042;-160186.66
-3408.77514;-5891.673969;-4267.663272;-6189.510964;3616.311087;-33747.11081;-111028.4014;-160597.2616
-5978.219924;1166.783412;-5676.761946;932.3359647;-1261.465402;-31263.96611;-112507.8633;-159699.0567
-5772.248599;-113.6362688;-5505.569936;-414.8483771;-100.3816843;-31570.98968;-112343.6004;-159805.6745
-3989.58522;-5425.79656;-4466.638501;-5726.159302;3542.393868;-33423.36815;-111236.6302;-160478.7079
-3837.705116;-5470.812973;-4402.243126;-5777.970645;3473.148164;-33547.7556;-111148.989;-160524.909
-5700.90183;42.71418365;-5490.482508;-215.5378718;-328.8388644;-31601.14218;-112303.2108;-159818.3927
-6019.794168;1003.503919;-5674.526772;731.5502443;-1094.87785;-31263.76495;-112521.7438;-159693.5358
-4288.383339;-4965.6859;-4600.614858;-5273.245904;3353.029889;-33187.98193;-111378.1615;-160390.6197
-3682.002864;-5760.759802;-4323.028543;-6060.004957;3572.926351;-33697.06526;-111068.0981;-160581.7718
-5374.499306;-1237.973718;-5277.962122;-1519.136312;685.5056507;-32003.83121;-112071.3114;-159965.7801
-6203.234935;1851.819676;-5805.373884;1613.527729;-1896.411407;-31045.9472;-112658.5141;-159618.1881
-4611.27664;-4304.767168;-4770.130488;-4621.156111;2997.391283;-32904.33829;-111558.5177;-160288.7628
-3616.914584;-5893.395054;-4283.622418;-6185.510002;3601.156604;-33771.72008;-111030.2342;-160610.3373
-5019.218328;-2512.514891;-5050.287253;-2812.654115;1643.590825;-32417.36083;-111825.4869;-160114.1286
-6294.228887;2293.646609;-5866.863533;2084.724854;-2345.435601;-30937.16126;-112719.5567;-159577.7985
-4949.436182;-3413.759579;-4960.388536;-3736.317603;2421.78916;-32575.29826;-111757.6494;-160168.3763
-6098.159385;1227.647212;-5715.810444;979.4981455;-1328.721801;-31221.22958;-112550.4658;-159673.1734
-4423.924318;-4825.473407;-4645.944196;-5123.243347;3270.462545;-33139.23277;-111410.9068;-160370.2125
-3719.531443;-5817.734399;-4304.856575;-6108.977629;3577.664921;-33746.12734;-111034.5034;-160596.524
-5281.739567;-1632.236139;-5207.218851;-1909.665991;997.1336719;-32142.47908;-111979.0211;-160008.3601
-6248.13959;1996.726036;-5822.472968;1777.522478;-2012.863995;-31023.55075;-112660.0117;-159600.3067
-4723.638859;-4089.899849;-4814.543404;-4396.722245;2868.57818;-32833.46091;-111588.9831;-160254.3411
-3658.511181;-5907.342542;-4271.552476;-6192.975484;3593.735825;-33796.28465;-111002.6969;-160612.3713
